Organisation,Duty Station,Level,Post Title,Closing Date,Posting Retrieved,Descriptions
UN ESCWA,BEIRUT,P-3,"Statistician  - Economic, Social and Development, Statistics",2023-02-18,2023-01-21,https://unjoblist.org/r/?450604
UNCTAD,GENEVA,P-2,"ASSOCIATE STATISTICIAN (Temporary Job Opening)  [Temporary] - Economic, Social and Development, Statistics",2023-02-22,2023-02-16,https://unjoblist.org/r/?451985
UN DESA,NEW YORK,P-3,"Statistician  [Temporary] - Economic, Social and Development, Statistics",2023-02-23,2023-02-12,https://unjoblist.org/r/?451753
UNECA,ADDIS ABABA,P-3,"Statistician (2 positions)  - Economic, Social and Development, Statistics",2023-03-16,2023-02-01,https://unjoblist.org/r/?451178
WHO,South Sudan-Juba,,Health Service Functionality project Data Liaison  Consultant,2023-01-25,2023-01-18,https://unjoblist.org/r/?450407
WHO,Maldives-Male,,"National Consultant - Sentinel Site Surveillance and Data Manager, National Influenza Program",2023-01-31,2023-01-17,https://unjoblist.org/r/?450343
WHO,Congo-Brazzaville,No grade,Data Manager,2023-02-20,2023-02-14,https://unjoblist.org/r/?451832
UNDP,"New York,  UNITED STATES OF AMERICA",International Consul,Research and Data Analyst Consultant,2023-02-20,2023-02-15,https://unjoblist.org/r/?451872
UNOPS,"Jakarta, Indonesia",P4,Senior Programme Manager (Strategy lead - Global Data Access Initiative )  IT | Project Management | Programme Management,2023-02-21,2023-02-09,https://unjoblist.org/r/?451536
WHO,Tajikistan-Dushanbe,NO-B,Project Officer (Data and Digital Health),2023-02-23,2023-02-02,https://unjoblist.org/r/?451247
UNDP,"New York,  UNITED STATES OF AMERICA",International Consul,Statistics and Data Specialist Consultant,2023-02-23,2023-02-15,https://unjoblist.org/r/?451874
WHO,Switzerland-Geneva,P5,Team Lead (Operations Support and Data Analytics),2023-02-24,2023-02-03,https://unjoblist.org/r/?451320
WHO,Anywhere,,Consultant - Data Scientist for Pandemic and Epidemic Intelligence,2023-02-25,2023-02-11,https://unjoblist.org/r/?451733
UNDP,"Dhaka, Bangladesh",NB4,** Knowledge and Data Analyst (NPSA8),2023-02-28,2023-02-15,https://unjoblist.org/r/?451878
WHO,Bangladesh-Dhaka,No grade,Data Manager,2023-03-01,2023-02-09,https://unjoblist.org/r/?451579
WHO,Indonesia-Jakarta,No grade,ILI SARI Data Assistant,2023-03-01,2023-02-09,https://unjoblist.org/r/?451580
GAVI,Geneva,-,"Senior Programme Officer, COVAX Data, Monitoring and Insights (Temporary)",2023-03-01,2023-02-09,https://unjoblist.org/r/?451606
WHO,"United States-Washington, D.C.",P2,"Technical Officer, Data Management and Reporting",2023-03-02,2023-02-16,https://unjoblist.org/r/?451963
WHO,Philippines-Manila,G4,"Assistant (Data, Strategy and Innovation Group-DSI)",2023-03-03,2023-02-17,https://unjoblist.org/r/?452038
UNEP,NAIROBI,P-4,"DATA SPECIALIST  - Public Information and Conference Management, Data Analytics and Management",2023-03-05,2023-01-21,https://unjoblist.org/r/?450601
WHO,United Arab Emirates-Dubai,P3,Data Quality Officer,2023-03-07,2023-02-14,https://unjoblist.org/r/?451825
WHO,Anywhere,,Roster of consultants – Health Accounts Data,2023-03-08,2023-02-15,https://unjoblist.org/r/?451902
WHO,Anywhere,,Consultant - GIS Data Management,2023-03-12,2023-02-10,https://unjoblist.org/r/?451669
UN DGACM,VIENNA,P-4,"DATA ENGINEER  - Public Information and Conference Management, Data Analytics and Management",2023-03-30,2023-02-16,https://unjoblist.org/r/?451988
UN OSAA,NEW YORK,I-1,"INTERN - DATA ANALYST  [Temporary] -  , Internship",2023-04-24,2023-01-26,https://unjoblist.org/r/?450879
WHO,Fiji-Suva,P3,Technical Officer (NCD),2021-12-30,2021-12-16,https://unjoblist.org/r/?430599
UNDP,"Manila, Philippines",NB4,** Supervising Evaluation Officer (NIM/NPSA8),2023-02-03,2023-01-21,https://unjoblist.org/r/?450567
UN,GENEVA,P-2,"Associate Administrative Officer  - Management and Administration, Administration",2023-02-09,2023-01-12,https://unjoblist.org/r/?450165
UNDP,"Vinnytsia, Ukraine",NOA,"** Assistant Humanitarian Affairs Officer/Field Coordination (2 Positions)-Vinnytsia, Kropyvnytskyi  (nationals only)  Coordination",2023-02-12,2023-01-30,https://unjoblist.org/r/?451051
MINUSCA,BANGUI,P-4,"JUDICIAL AFFAIRS OFFICER  [Temporary] - Political, Peace and Humanitarian, Rule of Law",2023-02-12,2023-02-07,https://unjoblist.org/r/?451443
UN SG,NEW YORK,P-4,"POLITICAL AFFAIRS OFFICER  [Temporary] - Political, Peace and Humanitarian, Political Affairs",2023-02-13,2023-02-09,https://unjoblist.org/r/?451586
UNDP,"Ha Noi, Viet Nam",NPSA-9,** National Project Officer on Insurance and Risk Finance,2023-02-15,2023-02-01,https://unjoblist.org/r/?451140
UNDP,"Kabul, Afghanistan",NOB,** Security and Government Liaison Officer (SGLO) (nationals),2023-02-15,2023-02-10,https://unjoblist.org/r/?451642
UNDP,"Home-based with possibility of travel to the West bank including East Jerusalem.,  PALESTINIAN TERRI",National Consultant,Field Monitoring and Evaluation Officer,2023-02-16,2023-02-07,https://unjoblist.org/r/?451424
UNDP,"Home-based with possibility of travel to different parts of the West bank and the Gaza Strip,  PALES",National Consultant,Field Monitoring and Evaluation Officer (Part-time 50%),2023-02-16,2023-02-07,https://unjoblist.org/r/?451425
MINUSMA,BAMAKO,P-3,"CIVIL AFFAIRS OFFICER  [Temporary] - Political, Peace and Humanitarian, Civil Affairs",2023-02-16,2023-02-11,https://unjoblist.org/r/?451721
UNCTAD,GENEVA,P-3,"Economic Affairs Officer  - Economic, Social and Development, Economic Affairs (and Sustainable Development)",2023-02-17,2023-01-20,https://unjoblist.org/r/?450546
UNCTAD,KUALA LUMPUR,P-3,"Information Systems Officer  - Information and Telecommunication Technology, Information Management Systems and Technology",2023-02-17,2023-01-20,https://unjoblist.org/r/?450547
UNIFIL,NAQOURA,P-3,"LEGAL OFFICER  - Legal, Legal Affairs",2023-02-17,2023-02-04,https://unjoblist.org/r/?451370
MINUSMA,BAMAKO,P-5,"SENIOR PROTECTION OF CIVILIANS OFFICER  - Political, Peace and Humanitarian, Human Rights Affairs",2023-02-17,2023-02-04,https://unjoblist.org/r/?451372
MINUSMA,BAMAKO,P-4,"JUDICIAL AFFAIRS OFFICER  [Temporary] - Political, Peace and Humanitarian, Rule of Law",2023-02-17,2023-02-04,https://unjoblist.org/r/?451373
UNSOM,MOGADISHU,P-3,"LOGISTICS OFFICER  [Temporary] - Logistics, Transportation and Supply Chain, Logistics and Supply Chain",2023-02-17,2023-02-04,https://unjoblist.org/r/?451375
UN DESA,NEW YORK,P-5,"Senior Population Affairs Officer  [Temporary] - Economic, Social and Development, Population Affairs",2023-02-17,2023-02-09,https://unjoblist.org/r/?451592
UN OCHA,GENEVA,P-4,"Humanitarian Affairs Officer  - Political, Peace and Humanitarian, Humanitarian Affairs",2023-02-18,2023-01-06,https://unjoblist.org/r/?449947
UN OCHA,GENEVA,P-3,"Programme Management Officer  - Economic, Social and Development, Programme Management",2023-02-18,2023-01-06,https://unjoblist.org/r/?449948
MONUSCO,BUNIA,P-3,"CONDUCT AND DISCIPLINE OFFICER  - Management and Administration, Administration",2023-02-18,2023-01-21,https://unjoblist.org/r/?450585
UNCHS,NAIROBI,P-3,"PUBLIC INFORMATION OFFICER (Project Post)  - Public Information and Conference Management, Public Information",2023-02-18,2023-01-21,https://unjoblist.org/r/?450598
UNOG,GENEVA,P-3,"ADMINISTRATIVE OFFICER  - Management and Administration, Administration",2023-02-18,2023-01-21,https://unjoblist.org/r/?450605
UN OCHA,JAKARTA,P-5,"Senior Humanitarian Affairs Officer/ Head of HAT  - Political, Peace and Humanitarian, Humanitarian Affairs",2023-02-18,2023-01-22,https://unjoblist.org/r/?450621
WHO,Switzerland-Geneva,P3,Technical Officer (Partnerships),2023-02-18,2023-01-27,https://unjoblist.org/r/?450958
WHO,Switzerland-Geneva,P3,Technical Officer (Capacity Building for integrated services for Noncommunicable Diseases),2023-02-18,2023-01-28,https://unjoblist.org/r/?451018
WHO,Ukraine-Dnipropetrovsk,NO-B,Technical Officer (NCD),2023-02-18,2023-02-04,https://unjoblist.org/r/?451379
UNAMI,BAGHDAD,P-4,"TRAINING OFFICER  [Temporary] - Management and Administration, Human Resources",2023-02-18,2023-02-05,https://unjoblist.org/r/?451400
UNCTAD,GENEVA,P-5,"SENIOR ECONOMIC AFFAIRS OFFICER  [Temporary] - Economic, Social and Development, Economic Affairs (and Sustainable Development)",2023-02-18,2023-02-09,https://unjoblist.org/r/?451599
UNCTAD,GENEVA,P-2,"Associate Programme Management Officer (Temporary Job Opening)  [Temporary] - Economic, Social and Development, Programme Management",2023-02-18,2023-02-12,https://unjoblist.org/r/?451754
UNAMA,KABUL,P-4,"POLITICAL AFFAIRS OFFICER  [Temporary] - Political, Peace and Humanitarian, Political Affairs",2023-02-18,2023-02-13,https://unjoblist.org/r/?451763
UN DPI,NEW YORK,P-3,"PRESS OFFICER (French)  - Public Information and Conference Management, Public Information",2023-02-19,2023-01-08,https://unjoblist.org/r/?450004
UNOPS,"Bangkok, Thailand",LICA Specialist-8,Payroll Officer  Finance | Human Resources,2023-02-19,2023-01-19,https://unjoblist.org/r/?450427
UN OHCHR,KHARTOUM,P-5,"SENIOR HUMAN RIGHTS OFFICER  - Political, Peace and Humanitarian, Human Rights Affairs",2023-02-19,2023-01-22,https://unjoblist.org/r/?450619
UN OCHA,NEW YORK,P-4,"Programme Management Officer  - Economic, Social and Development, Programme Management",2023-02-19,2023-01-31,https://unjoblist.org/r/?451114
UNOPS,"Kyiv, Ukraine",LICA Specialist-8,Administration Officer  Administration,2023-02-19,2023-02-04,https://unjoblist.org/r/?451332
UNOPS,"Kyiv, Ukraine",LICA Specialist-9,HR Senior Officer  Human Resources,2023-02-19,2023-02-04,https://unjoblist.org/r/?451335
UNOPS,"Bujumbura, Burundi",LICA Specialist-9,Programme Management - Senior Officer (National Coordinator)  Programme Management,2023-02-19,2023-02-05,https://unjoblist.org/r/?451398
UNAMA,KABUL,P-3,"POLITICAL AFFAIRS OFFICER  - Political, Peace and Humanitarian, Political Affairs",2023-02-19,2023-02-06,https://unjoblist.org/r/?451406
UNAMA,KABUL,P-3,"POLITICAL AFFAIRS OFFICER  [Temporary] - Political, Peace and Humanitarian, Political Affairs",2023-02-19,2023-02-06,https://unjoblist.org/r/?451407
UN DSS,NEW YORK,P-2,"ASSOCIATE SECURITY COORDINATION OFFICER  [Temporary] - Internal Security and Safety, Security",2023-02-19,2023-02-14,https://unjoblist.org/r/?451841
WHO,Afghanistan-Kabul,NO-B,Project Officer,2023-02-20,2023-01-30,https://unjoblist.org/r/?451055
UNOPS,"Geneva, Switzerland",P5,Chief Technical Officer  Health | Programme Management,2023-02-20,2023-02-02,https://unjoblist.org/r/?451186
UNOPS,"Geneva, Switzerland",IICA-2,Governance Officer  Administration | Programme Management,2023-02-20,2023-02-02,https://unjoblist.org/r/?451187
UNOPS,"Geneva, Switzerland",IICA-1,Communications Senior Officer  Communications,2023-02-20,2023-02-02,https://unjoblist.org/r/?451188
UNOPS,"Geneva, Switzerland",P2,Finance and Grants Officer  Finance | Project Management,2023-02-20,2023-02-02,https://unjoblist.org/r/?451190
UNOPS,"Amman, Jordan",LICA Specialist-8,Security Officer  Security,2023-02-20,2023-02-06,https://unjoblist.org/r/?451403
UNDP,"Kabul, Afghanistan",NOA,** Security and Training Officer (Nationals Only),2023-02-20,2023-02-07,https://unjoblist.org/r/?451434
UNMC,Valledupar,P-4,"LIAISON OFFICER  - Political, Peace and Humanitarian, Political Affairs",2023-02-20,2023-02-08,https://unjoblist.org/r/?451498
UNCHS,ACCRA,P-4,"PROGRAMME MANAGEMENT OFFICER, HUMAN SETTLEMENTS  [Temporary] - Logistics, Transportation and Supply Chain, Human Settlements",2023-02-20,2023-02-08,https://unjoblist.org/r/?451513
UNCHS,NAIROBI,P-3,"PROGRAMME MANAGEMENT OFFICER, HUMAN SETTLEMENTS  [Temporary] - Logistics, Transportation and Supply Chain, Human Settlements",2023-02-20,2023-02-08,https://unjoblist.org/r/?451514
UNON,NAIROBI,P-3,"HUMAN RESOURCES OFFICER  [Temporary] - Management and Administration, Human Resources",2023-02-20,2023-02-08,https://unjoblist.org/r/?451524
UN ESCAP,BANGKOK,P-3,"SUSTAINABLE DEVELOPMENT OFFICER  [Temporary] - Economic, Social and Development, Sustainable Development",2023-02-20,2023-02-09,https://unjoblist.org/r/?451594
WHO,Sudan-Khartoum,,Environmental Health officer Consultant,2023-02-20,2023-02-14,https://unjoblist.org/r/?451833
UNDP,"New York,  UNITED STATES OF AMERICA",International Consul,Research and Data Analyst Consultant,2023-02-20,2023-02-15,https://unjoblist.org/r/?451872
MINUSMA,BAMAKO,P-5,"MOVEMENT CONTROL OFFICER  [Temporary] - Logistics, Transportation and Supply Chain, Transportation",2023-02-20,2023-02-15,https://unjoblist.org/r/?451894
UN DESA,NEW YORK,P-4,"Programme Management Officer  [Temporary] - Economic, Social and Development, Programme Management",2023-02-20,2023-02-16,https://unjoblist.org/r/?451983
UNEP,NAIROBI,P-4,"HUMAN RESOURCES OFFICER  - Management and Administration, Human Resources",2023-02-21,2023-01-24,https://unjoblist.org/r/?450696
UNISDR,CAIRO,P-3,"PROGRAMME MANAGEMENT OFFICER, PARTNERSHIPS  - Economic, Social and Development, Programme Management",2023-02-21,2023-01-25,https://unjoblist.org/r/?450746
WHO,Switzerland-Geneva,P3,"Technical Officer, Infodemic Management",2023-02-21,2023-01-31,https://unjoblist.org/r/?451108
UNDP,"Lagos, Nigeria",NB4,** Research and Development Analyst (NPSA8),2023-02-21,2023-02-08,https://unjoblist.org/r/?451468
UNIFIL,NAQOURA,P-3,"POLITICAL AFFAIRS OFFICER  [Temporary] - Political, Peace and Humanitarian, Political Affairs",2023-02-21,2023-02-08,https://unjoblist.org/r/?451497
UN DPI,KYIV,P-5,"SENIOR PUBLIC INFORMATION OFFICER  [Temporary] - Public Information and Conference Management, Public Information",2023-02-21,2023-02-15,https://unjoblist.org/r/?451907
UNEP,NAIROBI,P-5,"SENIOR PROGRAMME MANAGEMENT OFFICER  - Economic, Social and Development, Programme Management",2023-02-22,2023-01-10,https://unjoblist.org/r/?450057
UN OCHA,NEW YORK,P-4,"Programme Management Officer  - Economic, Social and Development, Programme Management",2023-02-22,2023-01-10,https://unjoblist.org/r/?450061
UN OCHA,NEW YORK,P-3,"Humanitarian Affairs Officer  - Political, Peace and Humanitarian, Humanitarian Affairs",2023-02-22,2023-01-10,https://unjoblist.org/r/?450062
UN OCHA,NEW YORK,P-3,"Humanitarian Affairs Officer (Pooled Fund Manager)  - Political, Peace and Humanitarian, Humanitarian Affairs",2023-02-22,2023-01-10,https://unjoblist.org/r/?450063
UN,BRINDISI,P-3,"LOGISTICS OFFICER  - Logistics, Transportation and Supply Chain, Logistics and Supply Chain",2023-02-22,2023-01-25,https://unjoblist.org/r/?450747
UN ESCWA,BEIRUT,P-4,"ECONOMIC AFFAIRS OFFICER  - Economic, Social and Development, Economic Affairs (and Sustainable Development)",2023-02-22,2023-01-25,https://unjoblist.org/r/?450786
UN ESCWA,BEIRUT,P-3,"Economic Affairs Officer  - Economic, Social and Development, Economic Affairs (and Sustainable Development)",2023-02-22,2023-01-25,https://unjoblist.org/r/?450787
WHO,Switzerland-Geneva,P2,Technical Officer (Quadripartite Joint Secretariat on AMR),2023-02-22,2023-02-02,https://unjoblist.org/r/?451245
WHO,Syrian Arab Republic-Qamishli,NO-C,Public Health Officer,2023-02-22,2023-02-08,https://unjoblist.org/r/?451499
WHO,Syrian Arab Republic-Damascus,P3,Field Security Officer,2023-02-22,2023-02-08,https://unjoblist.org/r/?451503
WHO,Philippines-Manila,P2,"Technical Officer (Surveillance), P-2, Fixed-Term, Manila, Philippines (Two Posts)",2023-02-22,2023-02-08,https://unjoblist.org/r/?451508
UNOPS,"Kathmandu, Nepal",LICA Specialist-8,Gender Equality Officer - Social Inclusion  Programme Management,2023-02-22,2023-02-09,https://unjoblist.org/r/?451532
UNOPS,"Tirana, Albania",LICA Specialist-9,Project Management Support - Senior Officer  Project Management,2023-02-22,2023-02-09,https://unjoblist.org/r/?451534
UNDP,"Islamabad, Pakistan",NB4,** Project Admin and Finance Officer (NPSA9),2023-02-22,2023-02-09,https://unjoblist.org/r/?451539
UNDP,Guinea-Bissau,SB4,** National Programme Officer (SB4) - UNODC,2023-02-22,2023-02-09,https://unjoblist.org/r/?451558
UNCHS,NAIROBI,P-2,"ASSOCIATE PROGRAMME MANAGEMENT OFFICER, HUMAN SETTLEMENTS ASSOCIATE PROGRAMME MANAGEMENT OFFICER, HUMAN SETTLEMENTS  [Temporary] - Logistics, Transportation and Supply Chain, Human Settlements",2023-02-22,2023-02-10,https://unjoblist.org/r/?451673
UNODC,DAKAR,P-3,"Programme Officer  [Temporary] - Economic, Social and Development, Drug Control and Crime Prevention",2023-02-22,2023-02-10,https://unjoblist.org/r/?451678
UNODC,KUALA LUMPUR,P-2,"Associate Programme Officer (Global Maritime Crime Programme)  - Economic, Social and Development, Drug Control and Crime Prevention",2023-02-22,2023-02-10,https://unjoblist.org/r/?451679
UNEP,KINGSTON,P-4,"PROGRAMME MANAGEMENT OFFICER  - Economic, Social and Development, Programme Management",2023-02-23,2023-01-11,https://unjoblist.org/r/?450118
UNEP,GENEVA,P-3,"PROGRAMME MANAGEMENT OFFICER  - Economic, Social and Development, Programme Management",2023-02-23,2023-01-11,https://unjoblist.org/r/?450119
UN ESCAP,NEW DELHI,P-4,"ECONOMIC AFFAIRS OFFICER  - Economic, Social and Development, Economic Affairs (and Sustainable Development)",2023-02-23,2023-01-11,https://unjoblist.org/r/?450121
UN,BAGHDAD,P-4,"Information Management Officer  - Information and Telecommunication Technology, Information Management Systems and Technology",2023-02-23,2023-01-26,https://unjoblist.org/r/?450845
UN OCHA,BANGKOK,P-4,"Humanitarian Affairs Officer/Head of DPRK HAT  - Political, Peace and Humanitarian, Humanitarian Affairs",2023-02-23,2023-01-26,https://unjoblist.org/r/?450878
WHO,Egypt-Cairo,P2,Technical Officer (Grant Monitoring),2023-02-23,2023-02-02,https://unjoblist.org/r/?451246
WHO,Tajikistan-Dushanbe,NO-B,Project Officer (Data and Digital Health),2023-02-23,2023-02-02,https://unjoblist.org/r/?451247
WHO,Switzerland-Geneva,P3,Technical Officer (Infodemic Management),2023-02-23,2023-02-02,https://unjoblist.org/r/?451248
WHO,Türkiye-Istanbul,P2,Communications Strategy and Social Media Officer (Countries),2023-02-23,2023-02-02,https://unjoblist.org/r/?451249
WHO,Switzerland-Geneva,P4,Evaluation Officer,2023-02-23,2023-02-03,https://unjoblist.org/r/?451321
WHO,Gambia-Banjul,NO-C,Public Health Officer,2023-02-23,2023-02-09,https://unjoblist.org/r/?451571
UNDP,"Beirut, Lebanon",SB3,** Procurement Officer,2023-02-23,2023-02-10,https://unjoblist.org/r/?451640
UNMISS,JUBA,P-4,"ACQUISITION PLANNING OFFICER  - Logistics, Transportation and Supply Chain, Logistics and Supply Chain",2023-02-23,2023-02-10,https://unjoblist.org/r/?451653
UNMC,BOGOTA,P-3,"SUPPLY CHAIN BUSINESS INTELLIGENCE OFFICER  - Logistics, Transportation and Supply Chain, Logistics and Supply Chain",2023-02-23,2023-02-10,https://unjoblist.org/r/?451657
UNOPS,"Addis Ababa, Ethiopia",LICA Specialist-8,Project Management Support Officer  Project Management,2023-02-23,2023-02-11,https://unjoblist.org/r/?451689
UNAMA,KABUL,P-3,"FINANCE AND BUDGET OFFICER  - Management and Administration, Finance",2023-02-23,2023-02-11,https://unjoblist.org/r/?451718
UN CTC,NEW YORK,P-4,"PROGRAMME MANAGEMENT OFFICER  [Temporary] - Economic, Social and Development, Programme Management",2023-02-23,2023-02-12,https://unjoblist.org/r/?451752
UNDP,"Apia, Samoa",NOA,** Humanitarian Affairs Officer-NOA,2023-02-23,2023-02-17,https://unjoblist.org/r/?452010
UNODC,MOGADISHU,P-3,"Programme Officer (Global Maritime Crime Programme)  [Temporary] - Economic, Social and Development, Drug Control and Crime Prevention",2023-02-23,2023-02-17,https://unjoblist.org/r/?452053
UN DPI,NEW YORK,P-3,"PUBLIC INFORMATION OFFICER, Arabic  [Temporary] - Public Information and Conference Management, Public Information",2023-02-23,2023-02-18,https://unjoblist.org/r/?452147
UN OHCHR,GENEVA,P-4,"HUMAN RIGHTS OFFICER (Analyst/Reporting Officer)  - Political, Peace and Humanitarian, Human Rights Affairs",2023-02-24,2023-01-27,https://unjoblist.org/r/?450960
UNEP,NAIROBI,P-3,"PROGRAMME MANAGEMENT OFFICER  - Economic, Social and Development, Programme Management",2023-02-24,2023-01-27,https://unjoblist.org/r/?450961
UNODC,VIENNA,P-2,"Associate Programme Officer (Anti Money-Laundering/Counter-Financing of Terrorism  (AML/CFT))  [Temporary] - Economic, Social and Development, Drug Control and Crime Prevention",2023-02-24,2023-01-27,https://unjoblist.org/r/?450962
UNDP,Syrian Arab Republic,NOC,** Senior Humanitarian Affairs Officer/ Head of Damascus and South Hub,2023-02-24,2023-02-18,https://unjoblist.org/r/?452094
UNDP,"Juba, South Sudan",NOA,** National Program Officer,2023-02-24,2023-02-18,https://unjoblist.org/r/?452112
UN DGACM,NEW YORK,P-3,"PROTOCOL OFFICER  - Public Information and Conference Management, Protocol",2023-02-25,2023-01-14,https://unjoblist.org/r/?450280
UNODC,BANGKOK,P-3,"Programme Officer (Human Trafficking/Migrant Smuggling)  - Economic, Social and Development, Drug Control and Crime Prevention",2023-02-25,2023-01-28,https://unjoblist.org/r/?451025
UN ESCWA,BEIRUT,P-3,"Finance and Budget Officer  - Management and Administration, Finance",2023-02-25,2023-01-28,https://unjoblist.org/r/?451028
UN OCHA,BANGKOK,P-4,"Information Management Officer  - Information and Telecommunication Technology, Information Management Systems and Technology",2023-02-25,2023-01-28,https://unjoblist.org/r/?451035
WHO,Ukraine-Kyiv,NO-B,Procurement Officer,2023-02-25,2023-02-04,https://unjoblist.org/r/?451377
WHO,Ukraine-Kyiv,NO-B,Supply Chain Officer,2023-02-25,2023-02-04,https://unjoblist.org/r/?451378
WHO,Switzerland-Geneva,P4,Medical Officer,2023-02-25,2023-02-04,https://unjoblist.org/r/?451384
WHO,Switzerland-Geneva,P5,Technical Officer (Midwifery),2023-02-25,2023-02-04,https://unjoblist.org/r/?451387
UNDP,"Dili, Timor-Leste",NB4,** Disaster Risk Management (DRM) Officer (NPSA8),2023-02-25,2023-02-11,https://unjoblist.org/r/?451698
WHO,Ukraine-Dnipropetrovsk,NO-B,Technical Officer (CBRN),2023-02-25,2023-02-11,https://unjoblist.org/r/?451727
WHO,Ukraine-Dnipropetrovsk,P3,Risk Communications Officer,2023-02-25,2023-02-11,https://unjoblist.org/r/?451728
WHO,Ukraine-Dnipropetrovsk,NO-B,Technical Officer (Risk Communication and Community Engagement),2023-02-25,2023-02-11,https://unjoblist.org/r/?451729
WHO,Uganda-Kampala,No grade,Non-staff - Partnership Officer - (Level: NO-B) Step 01) - Duty Station: Kampala/Uganda,2023-02-25,2023-02-11,https://unjoblist.org/r/?451732
WIPO,Switzerland-CH-Geneva,P1,"Associate Translation Support Officer, Asian Languages Section 2, PCT Translation Division, PCT Services Department, Patents and Technology Sector",2023-02-25,2023-02-11,https://unjoblist.org/r/?451746
UN CTC,NEW YORK,P-3,"POLITICAL AFFAIRS OFFICER  - Political, Peace and Humanitarian, Political Affairs",2023-02-26,2023-01-15,https://unjoblist.org/r/?450289
UNOPS,"Kyiv, Ukraine",LICA Specialist-8,Finance Officer  Finance,2023-02-26,2023-02-07,https://unjoblist.org/r/?451414
UNODC,DAKAR,P-3,"Crime Prevention and Criminal Justice Officer (Human Trafficking and Migrant Smuggling)  [Temporary] - Economic, Social and Development, Drug Control and Crime Prevention",2023-02-26,2023-02-07,https://unjoblist.org/r/?451457
UNOG,GENEVA,P-3,"INFORMATION SYSTEMS OFFICER (Temporary Job Opening)  [Temporary] - Information and Telecommunication Technology, Information Management Systems and Technology",2023-02-26,2023-02-07,https://unjoblist.org/r/?451459
UNDP,"Amman, Jordan",SB4,"** Project Monitoring, Evaluation (M&amp;E) &amp; Safeguard Measures Compliance Officer",2023-02-26,2023-02-13,https://unjoblist.org/r/?451759
UN CTC,NEW YORK,P-3,"PROGRAMME MANAGEMENT OFFICER  [Temporary] - Economic, Social and Development, Programme Management",2023-02-26,2023-02-14,https://unjoblist.org/r/?451818
UNCHS,NAIROBI,P-4,"PROGRAMME MANAGEMENT OFFICER, HUMAN SETTLEMENTS  [Temporary] - Logistics, Transportation and Supply Chain, Human Settlements",2023-02-26,2023-02-14,https://unjoblist.org/r/?451842
UNCHS,NAIROBI,P-3,"PROGRAMME MANAGEMENT OFFICER  [Temporary] - Economic, Social and Development, Programme Management",2023-02-26,2023-02-14,https://unjoblist.org/r/?451843
WHO,Yemen-Aden,NO-B,Information Management Officer,2023-02-27,2023-02-06,https://unjoblist.org/r/?451409
UNOPS,Home based,IICA-1,Communications Senior Officer  Communications,2023-02-27,2023-02-07,https://unjoblist.org/r/?451411
UNOPS,Home based,IICA-2,Governance Officer  Administration | Programme Management,2023-02-27,2023-02-07,https://unjoblist.org/r/?451412
UNDP,"Dhaka, Bangladesh",NB4,** Project Officer (NPSA9),2023-02-27,2023-02-14,https://unjoblist.org/r/?451800
UNDP,"Kabul, Afghanistan",NOA,** Public Information Officer--UN OCHA,2023-02-27,2023-02-14,https://unjoblist.org/r/?451813
UNDP,"Kabul, Afghanistan",NOB,** Humanitarian Affairs Officer-UN OCHA,2023-02-27,2023-02-14,https://unjoblist.org/r/?451814
MONUSCO,KINSHASA,D-1,"PRINCIPAL COORDINATION OFFICER, POLITICAL AFFAIRS  - Political, Peace and Humanitarian, Political Affairs",2023-02-27,2023-02-14,https://unjoblist.org/r/?451820
MONUSCO,KINSHASA,P-3,"COORDINATION OFFICER, POLITICAL AFFAIRS  - Political, Peace and Humanitarian, Political Affairs",2023-02-27,2023-02-14,https://unjoblist.org/r/?451821
UNDP,"Addis Ababa,  ETHIOPIA",SB-4,"Monitoring, Evaluation and Reporting Officer",2023-02-27,2023-02-16,https://unjoblist.org/r/?451937
UN CTC,DOHA,P-4,"PROGRAMME MANAGEMENT OFFICER  [Temporary] - Economic, Social and Development, Programme Management",2023-02-27,2023-02-16,https://unjoblist.org/r/?451955
UN DESA,NEW YORK,P-4,"Economic Affairs Officer  [Temporary] - Economic, Social and Development, Economic Affairs (and Sustainable Development)",2023-02-27,2023-02-16,https://unjoblist.org/r/?451982
UNMISS,Wau,P-4,"CIVIL AFFAIRS OFFICER  - Political, Peace and Humanitarian, Civil Affairs",2023-02-28,2023-01-31,https://unjoblist.org/r/?451104
WHO,Congo-Brazzaville,P2,Procurement Officer,2023-02-28,2023-02-07,https://unjoblist.org/r/?451445
WHO,Switzerland-Geneva,P3,Technical Officer (Emerging Diseases &amp; Zoonoses),2023-02-28,2023-02-07,https://unjoblist.org/r/?451448
WHO,Switzerland-Geneva,P4,Scientist (Implementation Research),2023-02-28,2023-02-07,https://unjoblist.org/r/?451449
WHO,Congo-Brazzaville,P2,"Technical Officer, External Relations/Governing Bodies",2023-02-28,2023-02-07,https://unjoblist.org/r/?451450
WHO,Syrian Arab Republic-Damascus,NO-B,Finance Officer,2023-02-28,2023-02-08,https://unjoblist.org/r/?451502
WHO,Myanmar-Yangon,NO-B,National Professional Officer (Security),2023-02-28,2023-02-08,https://unjoblist.org/r/?451507
WHO,Nepal,No grade,Anti-Microbial Resistance (AMR) Support Officer-Laboratory,2023-02-28,2023-02-08,https://unjoblist.org/r/?451509
UNOPS,"Bangui (Non Family Duty Station), Central African Republic",IICA-1,Administration officer  Administration | Procurement,2023-02-28,2023-02-11,https://unjoblist.org/r/?451682
UN FIP,NEW YORK,P-4,"COMMUNICATIONS OFFICER  [Temporary] - Public Information and Conference Management, Public Information",2023-02-28,2023-02-11,https://unjoblist.org/r/?451750
UNOPS,"Pemba, Mozambique",LICA Specialist-8,Gender Equality Officer  Project Management,2023-02-28,2023-02-14,https://unjoblist.org/r/?451767
